TransactionID,Products
1,"['P18', 'P3', 'P6', 'P13']"
2,"['P4', 'P2', 'P5', 'P6', 'P16']"
3,"['P15', 'P11']"
4,"['P2', 'P15', 'P6']"
5,"['P17', 'P3', 'P8']"
6,['P15']
7,['P19']
8,"['P16', 'P10', 'P19']"
9,"['P20', 'P15', 'P5', 'P13']"
10,"['P8', 'P11']"
11,"['P10', 'P13', 'P12']"
12,"['P6', 'P10', 'P2', 'P15', 'P20']"
13,"['P9', 'P6', 'P18', 'P13', 'P10']"
14,"['P18', 'P20', 'P2', 'P10', 'P12']"
15,"['P4', 'P16']"
16,"['P5', 'P12']"
17,"['P3', 'P14', 'P2']"
18,"['P18', 'P12', 'P11']"
19,"['P19', 'P12']"
20,['P6']
21,"['P9', 'P15', 'P11', 'P18', 'P6']"
22,['P7']
23,"['P17', 'P3']"
24,"['P13', 'P20', 'P18']"
25,['P11']
26,"['P20', 'P8', 'P1']"
27,"['P20', 'P18']"
28,"['P16', 'P8', 'P2', 'P1']"
29,"['P15', 'P17']"
30,"['P14', 'P8', 'P13', 'P18', 'P17']"
31,['P20']
32,"['P8', 'P10', 'P19', 'P4']"
33,"['P7', 'P4', 'P16']"
34,"['P10', 'P4', 'P20']"
35,['P17']
36,['P1']
37,"['P11', 'P13', 'P16']"
38,"['P17', 'P18', 'P1', 'P20']"
39,"['P4', 'P7', 'P8']"
40,['P14']
41,"['P16', 'P9']"
42,['P8']
43,"['P3', 'P7', 'P16']"
44,"['P16', 'P10', 'P7', 'P12']"
45,"['P16', 'P11', 'P18']"
46,"['P15', 'P16', 'P14', 'P9', 'P17']"
47,['P16']
48,"['P19', 'P10', 'P7']"
49,"['P15', 'P17', 'P19']"
50,"['P11', 'P20']"
51,"['P12', 'P15', 'P13']"
52,"['P7', 'P6', 'P1', 'P17', 'P9']"
53,"['P5', 'P9', 'P15']"
54,"['P15', 'P12', 'P4', 'P14', 'P2']"
55,['P11']
56,"['P17', 'P10', 'P18']"
57,"['P12', 'P10', 'P3', 'P2', 'P5']"
58,"['P20', 'P9', 'P7']"
59,"['P8', 'P9', 'P4', 'P16', 'P6']"
60,"['P7', 'P18', 'P14']"
61,"['P6', 'P8']"
62,"['P7', 'P8']"
63,['P11']
64,"['P8', 'P7', 'P3', 'P13', 'P14']"
65,"['P3', 'P11']"
66,['P10']
67,"['P10', 'P18', 'P4', 'P8']"
68,"['P9', 'P1', 'P19']"
69,"['P13', 'P4', 'P16', 'P2', 'P19']"
70,"['P4', 'P8', 'P2']"
71,"['P13', 'P16', 'P9', 'P6', 'P15']"
72,['P4']
73,"['P20', 'P8', 'P11', 'P2']"
74,"['P13', 'P7', 'P6', 'P2']"
75,"['P16', 'P14', 'P10']"
76,"['P7', 'P8', 'P20', 'P19', 'P12']"
77,"['P6', 'P16', 'P10', 'P12', 'P7']"
78,['P3']
79,"['P17', 'P7', 'P15', 'P5', 'P9']"
80,"['P18', 'P1', 'P17']"
81,"['P6', 'P3']"
82,"['P14', 'P13', 'P8']"
83,"['P6', 'P7']"
84,"['P5', 'P18', 'P16']"
85,"['P7', 'P10', 'P8']"
86,"['P10', 'P19', 'P13', 'P4', 'P2']"
87,"['P8', 'P19', 'P2', 'P13', 'P5']"
88,"['P2', 'P5', 'P20']"
89,"['P4', 'P3', 'P11', 'P7']"
90,"['P5', 'P17']"
91,"['P12', 'P18', 'P8', 'P1']"
92,"['P16', 'P12']"
93,"['P18', 'P13', 'P11']"
94,"['P11', 'P1', 'P8']"
95,"['P12', 'P17']"
96,"['P10', 'P13', 'P20', 'P16', 'P4']"
97,"['P6', 'P7', 'P2']"
98,"['P9', 'P7', 'P18', 'P3']"
99,"['P8', 'P12']"
100,"['P17', 'P9']"
101,"['P5', 'P8', 'P6', 'P3', 'P4']"
102,"['P13', 'P3', 'P4', 'P15']"
103,"['P8', 'P15', 'P7', 'P10', 'P18']"
104,['P13']
105,"['P12', 'P1']"
106,"['P16', 'P1']"
107,"['P5', 'P20', 'P11', 'P7']"
108,['P3']
109,"['P14', 'P15']"
110,"['P9', 'P13']"
111,['P8']
112,"['P10', 'P2']"
113,"['P16', 'P11']"
114,"['P6', 'P2']"
115,"['P13', 'P3', 'P16', 'P11', 'P15']"
116,"['P7', 'P10']"
117,"['P14', 'P9', 'P18']"
118,['P7']
119,['P10']
120,"['P4', 'P16', 'P15', 'P1']"
121,['P13']
122,"['P1', 'P16', 'P12', 'P2']"
123,"['P8', 'P20', 'P3']"
124,"['P13', 'P14', 'P7', 'P20']"
125,['P4']
126,"['P6', 'P2', 'P4', 'P18', 'P11']"
127,"['P1', 'P19']"
128,"['P13', 'P10', 'P7', 'P5']"
129,"['P5', 'P6', 'P4', 'P9']"
130,"['P18', 'P4']"
131,"['P12', 'P10', 'P9', 'P1']"
132,"['P20', 'P16', 'P2']"
133,"['P8', 'P3', 'P5']"
134,"['P12', 'P1', 'P20', 'P7']"
135,"['P15', 'P11']"
136,"['P11', 'P1']"
137,['P2']
138,"['P9', 'P4']"
139,"['P19', 'P9', 'P15', 'P14', 'P11']"
140,"['P19', 'P16', 'P9', 'P17']"
141,"['P3', 'P15', 'P9', 'P12']"
142,"['P6', 'P16', 'P7', 'P13', 'P4']"
143,['P8']
144,['P9']
145,['P20']
146,"['P18', 'P19', 'P17']"
147,"['P1', 'P16', 'P13', 'P15']"
148,"['P13', 'P2', 'P16']"
149,['P14']
150,"['P1', 'P10', 'P7', 'P4', 'P16']"
151,"['P12', 'P8', 'P13', 'P14', 'P16']"
152,"['P5', 'P11', 'P13']"
153,"['P13', 'P17', 'P11', 'P5', 'P8']"
154,"['P4', 'P1', 'P5', 'P2']"
155,"['P10', 'P2', 'P1', 'P17']"
156,['P13']
157,"['P15', 'P8', 'P7', 'P6', 'P9']"
158,['P10']
159,"['P5', 'P9', 'P10', 'P17']"
160,['P7']
161,"['P19', 'P12', 'P9', 'P3', 'P2']"
162,['P2']
163,"['P15', 'P6', 'P9', 'P3', 'P11']"
164,"['P11', 'P6', 'P10', 'P12', 'P9']"
165,['P5']
166,"['P11', 'P4', 'P19', 'P10', 'P15']"
167,['P15']
168,"['P6', 'P10', 'P20']"
169,"['P20', 'P17']"
170,"['P17', 'P8', 'P1', 'P7', 'P5']"
171,"['P12', 'P16']"
172,['P6']
173,"['P9', 'P18', 'P5', 'P7', 'P16']"
174,"['P7', 'P12', 'P8', 'P1']"
175,"['P20', 'P5', 'P8', 'P16']"
176,"['P12', 'P9', 'P8']"
177,['P12']
178,"['P14', 'P12', 'P5', 'P4']"
179,['P6']
180,"['P7', 'P19', 'P5', 'P4']"
181,"['P18', 'P4']"
182,"['P1', 'P9', 'P3', 'P7', 'P5']"
183,"['P3', 'P11', 'P5', 'P10']"
184,"['P14', 'P15']"
185,"['P9', 'P15', 'P18']"
186,"['P20', 'P2']"
187,['P1']
188,['P17']
189,"['P20', 'P16', 'P15', 'P17']"
190,"['P11', 'P7']"
191,['P19']
192,"['P19', 'P2']"
193,"['P6', 'P11', 'P18']"
194,"['P2', 'P6', 'P1', 'P13']"
195,"['P7', 'P19', 'P8', 'P12']"
196,"['P12', 'P13', 'P7', 'P1', 'P9']"
197,"['P19', 'P16', 'P7']"
198,"['P9', 'P16']"
199,"['P20', 'P11', 'P1']"
200,['P15']
201,"['P20', 'P9', 'P6']"
202,"['P19', 'P13', 'P12', 'P7']"
203,"['P18', 'P3', 'P1']"
204,['P2']
205,"['P19', 'P17', 'P14', 'P16']"
206,"['P13', 'P1', 'P18', 'P2', 'P9']"
207,"['P17', 'P1', 'P14', 'P16']"
208,"['P14', 'P5', 'P7', 'P3', 'P13']"
209,"['P20', 'P11', 'P13', 'P19', 'P12']"
210,"['P19', 'P14', 'P8', 'P10', 'P11']"
211,"['P6', 'P9', 'P12']"
212,['P19']
213,"['P10', 'P20', 'P9']"
214,"['P4', 'P13', 'P10']"
215,"['P11', 'P17']"
216,['P15']
217,"['P11', 'P17', 'P1']"
218,"['P7', 'P13', 'P17', 'P4']"
219,"['P12', 'P14']"
220,"['P19', 'P12', 'P15', 'P5', 'P2']"
221,"['P12', 'P17']"
222,['P13']
223,"['P9', 'P20', 'P19']"
224,['P16']
225,"['P12', 'P5', 'P10', 'P19']"
226,['P17']
227,"['P3', 'P2', 'P18', 'P6']"
228,"['P2', 'P4', 'P8']"
229,"['P3', 'P4', 'P11', 'P9', 'P18']"
230,"['P1', 'P13', 'P5']"
231,"['P19', 'P4', 'P6', 'P18']"
232,"['P6', 'P4']"
233,"['P12', 'P2']"
234,['P17']
235,"['P7', 'P14', 'P10', 'P13']"
236,"['P6', 'P5', 'P3']"
237,['P12']
238,['P9']
239,"['P5', 'P8', 'P4', 'P18']"
240,"['P3', 'P12', 'P20']"
241,"['P11', 'P10', 'P7', 'P4']"
242,"['P10', 'P15', 'P12', 'P14', 'P20']"
243,"['P2', 'P7', 'P14']"
244,"['P1', 'P8']"
245,"['P10', 'P9', 'P6', 'P15', 'P1']"
246,"['P4', 'P13', 'P14']"
247,['P9']
248,"['P16', 'P9', 'P14', 'P7']"
249,['P4']
250,['P10']
251,"['P19', 'P1', 'P7']"
252,"['P1', 'P16', 'P9', 'P18']"
253,"['P4', 'P5', 'P20', 'P15', 'P19']"
254,"['P6', 'P14']"
255,['P15']
256,"['P1', 'P18', 'P12', 'P20', 'P2']"
257,"['P9', 'P17', 'P13', 'P2', 'P16']"
258,"['P3', 'P12', 'P8', 'P11']"
259,"['P3', 'P18', 'P10', 'P4', 'P17']"
260,"['P15', 'P2']"
261,['P5']
262,"['P4', 'P15', 'P3']"
263,['P18']
264,"['P18', 'P8', 'P5']"
265,"['P9', 'P11', 'P5']"
266,"['P17', 'P7', 'P15', 'P6', 'P1']"
267,['P13']
268,"['P7', 'P2', 'P10', 'P11', 'P16']"
269,"['P6', 'P14', 'P12']"
270,"['P16', 'P14', 'P19', 'P15', 'P4']"
271,"['P16', 'P4']"
272,['P10']
273,"['P16', 'P7']"
274,"['P6', 'P2', 'P18']"
275,['P9']
276,"['P4', 'P15', 'P11', 'P1', 'P17']"
277,"['P15', 'P3']"
278,"['P19', 'P7', 'P2']"
279,"['P8', 'P4', 'P11']"
280,"['P8', 'P11', 'P20', 'P5']"
281,"['P4', 'P5', 'P19']"
282,"['P14', 'P1', 'P17', 'P5', 'P9']"
283,"['P6', 'P10', 'P14', 'P3']"
284,"['P8', 'P2']"
285,"['P1', 'P10', 'P12', 'P8']"
286,['P20']
287,"['P6', 'P1', 'P19', 'P18']"
288,"['P12', 'P20', 'P3', 'P9']"
289,['P19']
290,"['P13', 'P7', 'P15']"
291,"['P5', 'P7', 'P6', 'P3', 'P4']"
292,"['P1', 'P3', 'P11']"
293,"['P15', 'P10']"
294,"['P20', 'P17', 'P2', 'P19', 'P11']"
295,"['P20', 'P9', 'P17', 'P7']"
296,['P10']
297,"['P11', 'P7', 'P16']"
298,"['P16', 'P1', 'P19']"
299,"['P5', 'P1', 'P15', 'P2']"
300,"['P16', 'P19', 'P18']"
301,['P16']
302,"['P16', 'P8', 'P20']"
303,"['P1', 'P7', 'P11']"
304,['P12']
305,['P17']
306,['P8']
307,"['P11', 'P4']"
308,"['P8', 'P14', 'P18', 'P3', 'P15']"
309,"['P8', 'P19']"
310,"['P4', 'P1']"
311,"['P9', 'P5', 'P1', 'P11', 'P13']"
312,"['P17', 'P11', 'P4', 'P14', 'P20']"
313,"['P11', 'P15', 'P18']"
314,"['P6', 'P7', 'P20', 'P13', 'P5']"
315,"['P1', 'P6', 'P4', 'P11']"
316,"['P20', 'P10', 'P5', 'P18', 'P17']"
317,"['P18', 'P9', 'P16']"
318,"['P10', 'P17', 'P4', 'P15']"
319,"['P20', 'P16', 'P19', 'P13', 'P14']"
320,['P7']
321,"['P14', 'P6', 'P7', 'P2', 'P12']"
322,"['P14', 'P4']"
323,['P3']
324,"['P20', 'P6', 'P13', 'P1']"
325,['P12']
326,"['P15', 'P16']"
327,"['P16', 'P12', 'P9', 'P13']"
328,"['P5', 'P12', 'P15', 'P11']"
329,"['P16', 'P20', 'P5', 'P12', 'P3']"
330,"['P2', 'P19']"
331,"['P10', 'P4', 'P12', 'P14']"
332,"['P10', 'P12', 'P19', 'P15']"
333,"['P11', 'P16', 'P7']"
334,"['P11', 'P4']"
335,"['P6', 'P8', 'P13', 'P19', 'P12']"
336,"['P13', 'P14', 'P1', 'P3', 'P11']"
337,"['P6', 'P5', 'P9']"
338,"['P4', 'P17', 'P7', 'P9']"
339,"['P5', 'P13', 'P18']"
340,"['P2', 'P11', 'P13', 'P5', 'P7']"
341,"['P13', 'P8', 'P5']"
342,['P14']
343,"['P14', 'P3']"
344,"['P8', 'P19', 'P11']"
345,['P8']
346,"['P4', 'P8', 'P14', 'P5', 'P6']"
347,"['P20', 'P13']"
348,"['P4', 'P17', 'P2', 'P20']"
349,['P3']
350,"['P11', 'P6']"
351,"['P13', 'P20', 'P11']"
352,"['P16', 'P19', 'P12']"
353,"['P20', 'P2', 'P12', 'P8']"
354,"['P9', 'P7', 'P3']"
355,"['P1', 'P10', 'P9', 'P13', 'P15']"
356,"['P13', 'P9', 'P1', 'P2']"
357,"['P14', 'P7', 'P4', 'P11', 'P16']"
358,"['P19', 'P15']"
359,"['P14', 'P16', 'P19', 'P11', 'P13']"
360,"['P9', 'P1', 'P3', 'P17']"
361,['P13']
362,"['P8', 'P5', 'P6', 'P14', 'P19']"
363,"['P14', 'P9', 'P11', 'P20', 'P19']"
364,"['P20', 'P14', 'P7', 'P6', 'P5']"
365,"['P19', 'P4', 'P18']"
366,"['P9', 'P10']"
367,"['P12', 'P6', 'P1', 'P17', 'P15']"
368,"['P3', 'P10', 'P6']"
369,['P17']
370,"['P16', 'P9', 'P19']"
371,"['P16', 'P10']"
372,"['P9', 'P20']"
373,"['P14', 'P10']"
374,['P18']
375,"['P10', 'P6', 'P19', 'P14', 'P11']"
376,"['P13', 'P18', 'P1', 'P12']"
377,['P13']
378,"['P19', 'P3', 'P2', 'P13', 'P8']"
379,['P4']
380,"['P4', 'P19', 'P11', 'P17', 'P10']"
381,"['P8', 'P13']"
382,"['P10', 'P11', 'P1', 'P7']"
383,"['P2', 'P16', 'P14', 'P13']"
384,['P8']
385,"['P1', 'P20']"
386,['P3']
387,"['P15', 'P9']"
388,"['P9', 'P1']"
389,"['P11', 'P9', 'P12', 'P19']"
390,"['P12', 'P1', 'P2']"
391,"['P1', 'P5', 'P11', 'P10']"
392,"['P4', 'P2', 'P11', 'P18', 'P3']"
393,"['P16', 'P15', 'P18']"
394,['P3']
395,"['P9', 'P17', 'P4', 'P12', 'P15']"
396,"['P15', 'P6', 'P1', 'P14', 'P3']"
397,"['P8', 'P20', 'P1', 'P12']"
398,"['P17', 'P12']"
399,"['P7', 'P16', 'P20', 'P1']"
400,['P2']
401,"['P4', 'P20', 'P8', 'P18']"
402,"['P3', 'P12', 'P1', 'P16', 'P5']"
403,['P17']
404,"['P17', 'P15', 'P6']"
405,"['P12', 'P8', 'P20', 'P15', 'P11']"
406,"['P19', 'P18', 'P5', 'P4', 'P16']"
407,"['P12', 'P18', 'P6']"
408,"['P17', 'P11']"
409,"['P2', 'P12', 'P17', 'P8']"
410,"['P17', 'P11', 'P3', 'P1']"
411,['P18']
412,"['P6', 'P10', 'P17']"
413,"['P3', 'P18']"
414,['P5']
415,"['P7', 'P10', 'P20', 'P16', 'P3']"
416,"['P6', 'P16', 'P11', 'P15', 'P8']"
417,"['P4', 'P19']"
418,['P8']
419,"['P14', 'P1']"
420,"['P14', 'P11']"
421,"['P3', 'P14', 'P4', 'P9', 'P6']"
422,"['P13', 'P5']"
423,"['P12', 'P14', 'P6']"
424,"['P8', 'P11', 'P12']"
425,"['P16', 'P20', 'P10', 'P19', 'P14']"
426,"['P15', 'P4', 'P19', 'P12']"
427,['P2']
428,"['P4', 'P16', 'P15']"
429,['P6']
430,"['P17', 'P14', 'P12', 'P4', 'P8']"
431,"['P8', 'P11', 'P17']"
432,"['P6', 'P1', 'P15', 'P3']"
433,"['P15', 'P6', 'P13', 'P20']"
434,"['P10', 'P12', 'P13', 'P2', 'P8']"
435,['P20']
436,"['P18', 'P13', 'P9', 'P6', 'P14']"
437,"['P16', 'P15', 'P10']"
438,"['P3', 'P13']"
439,"['P14', 'P12', 'P6']"
440,"['P1', 'P18']"
441,"['P10', 'P6']"
442,"['P7', 'P15', 'P11', 'P1', 'P6']"
443,['P16']
444,"['P9', 'P12', 'P19']"
445,"['P16', 'P7', 'P17', 'P1', 'P5']"
446,"['P12', 'P20', 'P11', 'P3', 'P13']"
447,"['P2', 'P1']"
448,"['P12', 'P5', 'P20', 'P13', 'P1']"
449,"['P7', 'P17', 'P16']"
450,"['P17', 'P19', 'P11']"
451,"['P16', 'P12', 'P4', 'P6', 'P18']"
452,"['P9', 'P4', 'P17', 'P10']"
453,"['P7', 'P8', 'P16', 'P11']"
454,"['P5', 'P2', 'P7', 'P6']"
455,['P8']
456,"['P3', 'P5', 'P15']"
457,"['P2', 'P17', 'P14', 'P13', 'P16']"
458,"['P2', 'P4', 'P1', 'P19', 'P17']"
459,"['P13', 'P4']"
460,"['P18', 'P5', 'P20']"
461,"['P20', 'P1']"
462,"['P1', 'P16']"
463,['P16']
464,"['P5', 'P19', 'P8', 'P20']"
465,"['P16', 'P18', 'P17', 'P12']"
466,"['P6', 'P2', 'P15', 'P14']"
467,"['P6', 'P8', 'P18', 'P10', 'P5']"
468,"['P4', 'P11', 'P10', 'P19', 'P3']"
469,"['P17', 'P14', 'P18']"
470,"['P12', 'P8', 'P20', 'P10']"
471,['P12']
472,"['P4', 'P11', 'P7', 'P9']"
473,"['P2', 'P6', 'P18']"
474,['P13']
475,"['P11', 'P5']"
476,"['P20', 'P19', 'P11']"
477,"['P17', 'P8', 'P5']"
478,"['P14', 'P9']"
479,['P9']
480,"['P9', 'P14', 'P8']"
481,"['P12', 'P7', 'P13', 'P15']"
482,['P9']
483,"['P20', 'P6', 'P7', 'P18', 'P3']"
484,['P8']
485,"['P4', 'P16', 'P8', 'P7']"
486,"['P15', 'P18']"
487,"['P13', 'P11', 'P3', 'P18']"
488,"['P4', 'P6', 'P14', 'P8']"
489,"['P8', 'P7', 'P14', 'P15', 'P18']"
490,"['P11', 'P13']"
491,"['P1', 'P19', 'P12']"
492,['P16']
493,"['P18', 'P15', 'P7', 'P4', 'P11']"
494,['P18']
495,"['P7', 'P5']"
496,"['P2', 'P10', 'P20', 'P1']"
497,"['P17', 'P19', 'P18', 'P2', 'P14']"
498,"['P6', 'P5']"
499,"['P8', 'P5', 'P3']"
500,['P12']
501,['P13']
502,"['P11', 'P14', 'P13', 'P10', 'P6']"
503,"['P20', 'P10', 'P14', 'P18', 'P15']"
504,"['P18', 'P3', 'P15', 'P6']"
505,['P7']
506,['P4']
507,"['P11', 'P6', 'P3', 'P2']"
508,"['P3', 'P13', 'P7', 'P8', 'P18']"
509,"['P8', 'P6', 'P19', 'P1']"
510,"['P5', 'P4']"
511,['P10']
512,"['P10', 'P17', 'P20', 'P16']"
513,"['P1', 'P20', 'P19']"
514,"['P19', 'P14', 'P8', 'P5']"
515,"['P15', 'P19', 'P14']"
516,['P10']
517,"['P7', 'P5', 'P16']"
518,"['P16', 'P1', 'P11', 'P12']"
519,"['P15', 'P3']"
520,"['P19', 'P3', 'P9']"
521,['P4']
522,"['P9', 'P13', 'P5', 'P7', 'P20']"
523,"['P16', 'P7', 'P12', 'P6']"
524,"['P10', 'P4']"
525,"['P2', 'P8']"
526,"['P12', 'P8', 'P13', 'P11', 'P7']"
527,"['P7', 'P12', 'P4', 'P1']"
528,"['P4', 'P5', 'P12']"
529,"['P4', 'P18', 'P8', 'P9', 'P2']"
530,"['P2', 'P6', 'P17', 'P15', 'P12']"
531,"['P7', 'P2', 'P14', 'P6']"
532,"['P17', 'P7']"
533,"['P8', 'P12']"
534,"['P2', 'P10', 'P8', 'P5']"
535,['P6']
536,"['P11', 'P9', 'P18', 'P15', 'P17']"
537,['P3']
538,"['P4', 'P15', 'P6', 'P7']"
539,"['P11', 'P19']"
540,['P12']
541,"['P2', 'P16', 'P12', 'P7']"
542,"['P17', 'P7', 'P9', 'P18']"
543,['P4']
544,"['P4', 'P13', 'P11', 'P16', 'P12']"
545,"['P17', 'P2', 'P10', 'P7', 'P19']"
546,"['P18', 'P17']"
547,"['P3', 'P17', 'P14']"
548,"['P3', 'P14', 'P2']"
549,['P6']
550,['P9']
551,"['P17', 'P7', 'P13']"
552,"['P17', 'P8', 'P1', 'P16']"
553,"['P9', 'P11', 'P14', 'P5', 'P4']"
554,"['P1', 'P19', 'P7']"
555,"['P3', 'P8']"
556,['P17']
557,"['P8', 'P9', 'P11', 'P13', 'P12']"
558,"['P5', 'P8', 'P2']"
559,"['P14', 'P6', 'P8', 'P11', 'P4']"
560,"['P12', 'P13', 'P8', 'P10', 'P4']"
561,"['P17', 'P11', 'P7', 'P2']"
562,"['P8', 'P5', 'P17']"
563,"['P5', 'P14', 'P3', 'P16', 'P12']"
564,['P20']
565,"['P14', 'P12', 'P10', 'P8']"
566,['P5']
567,"['P2', 'P8', 'P5']"
568,"['P9', 'P2', 'P13', 'P10']"
569,"['P6', 'P16']"
570,"['P20', 'P18', 'P1']"
571,"['P14', 'P2', 'P4', 'P10', 'P18']"
572,"['P17', 'P16', 'P12', 'P4']"
573,['P6']
574,"['P5', 'P15']"
575,"['P11', 'P17', 'P12']"
576,"['P16', 'P14', 'P8']"
577,['P14']
578,"['P6', 'P3', 'P14']"
579,"['P5', 'P17', 'P14', 'P6']"
580,"['P15', 'P1']"
581,"['P1', 'P16', 'P18', 'P6']"
582,"['P18', 'P1', 'P19']"
583,"['P8', 'P7', 'P15', 'P10']"
584,"['P15', 'P11']"
585,"['P16', 'P12', 'P18']"
586,"['P2', 'P11', 'P13']"
587,['P4']
588,"['P18', 'P4', 'P19', 'P17', 'P15']"
589,"['P15', 'P8', 'P19', 'P9']"
590,"['P20', 'P16', 'P13']"
591,"['P14', 'P12']"
592,['P6']
593,"['P5', 'P12', 'P18', 'P6', 'P17']"
594,"['P19', 'P9', 'P14', 'P1']"
595,"['P13', 'P4']"
596,"['P2', 'P1']"
597,"['P6', 'P15', 'P3', 'P18', 'P17']"
598,"['P7', 'P2', 'P4', 'P8']"
599,"['P13', 'P10', 'P20', 'P8']"
600,"['P6', 'P12']"
601,"['P2', 'P17', 'P5', 'P15']"
602,"['P11', 'P20', 'P9', 'P8', 'P1']"
603,"['P2', 'P18', 'P17']"
604,"['P7', 'P16', 'P6']"
605,['P10']
606,['P9']
607,"['P3', 'P19', 'P10', 'P17', 'P2']"
608,['P17']
609,"['P13', 'P1', 'P18']"
610,"['P2', 'P12', 'P19', 'P14', 'P3']"
611,"['P13', 'P9', 'P7', 'P18', 'P20']"
612,"['P2', 'P6', 'P9', 'P3']"
613,['P1']
614,"['P19', 'P16', 'P7', 'P15', 'P20']"
615,"['P2', 'P1']"
616,['P12']
617,"['P11', 'P17', 'P12', 'P7']"
618,"['P4', 'P5', 'P14', 'P12']"
619,"['P6', 'P18', 'P12', 'P11', 'P15']"
620,"['P9', 'P18', 'P1', 'P7']"
621,"['P6', 'P20']"
622,"['P10', 'P18', 'P8', 'P17', 'P20']"
623,['P13']
624,"['P7', 'P17', 'P18', 'P6', 'P4']"
625,['P6']
626,"['P4', 'P10']"
627,['P15']
628,['P10']
629,"['P11', 'P1', 'P6', 'P2', 'P7']"
630,"['P19', 'P20', 'P9', 'P15', 'P11']"
631,"['P17', 'P18', 'P10', 'P3']"
632,"['P19', 'P5', 'P14', 'P16']"
633,"['P3', 'P18', 'P17', 'P15', 'P9']"
634,['P7']
635,"['P17', 'P1', 'P2', 'P18', 'P12']"
636,"['P3', 'P4', 'P16', 'P8', 'P6']"
637,"['P13', 'P9', 'P5', 'P3']"
638,"['P3', 'P1', 'P5', 'P18']"
639,['P18']
640,"['P14', 'P5', 'P17']"
641,"['P3', 'P17', 'P9', 'P10', 'P11']"
642,"['P4', 'P2']"
643,"['P18', 'P14', 'P13', 'P5', 'P20']"
644,"['P14', 'P6', 'P11']"
645,"['P18', 'P13', 'P3', 'P10']"
646,['P5']
647,['P8']
648,['P17']
649,"['P17', 'P12']"
650,"['P10', 'P14']"
651,['P7']
652,"['P13', 'P18']"
653,['P20']
654,"['P9', 'P3', 'P12', 'P2', 'P19']"
655,['P7']
656,"['P3', 'P6']"
657,"['P18', 'P9']"
658,['P4']
659,"['P5', 'P7', 'P18', 'P2', 'P3']"
660,"['P7', 'P9', 'P8', 'P19']"
661,"['P20', 'P7', 'P9']"
662,"['P1', 'P5', 'P18']"
663,"['P11', 'P7', 'P8']"
664,"['P2', 'P5', 'P14', 'P20']"
665,"['P3', 'P20']"
666,['P3']
667,['P17']
668,"['P18', 'P15', 'P2']"
669,"['P12', 'P13']"
670,"['P7', 'P5', 'P1', 'P15']"
671,"['P14', 'P6', 'P17', 'P13', 'P2']"
672,"['P1', 'P20', 'P9']"
673,"['P6', 'P15', 'P8']"
674,"['P16', 'P13', 'P18', 'P20', 'P6']"
675,"['P9', 'P4', 'P1', 'P12']"
676,['P13']
677,"['P20', 'P14', 'P1', 'P19']"
678,"['P2', 'P15']"
679,"['P18', 'P4', 'P10', 'P13', 'P2']"
680,"['P15', 'P17', 'P2']"
681,"['P14', 'P3', 'P9']"
682,"['P7', 'P18']"
683,"['P14', 'P3']"
684,"['P5', 'P19', 'P18']"
685,"['P17', 'P7']"
686,"['P16', 'P9']"
687,"['P4', 'P9']"
688,"['P15', 'P17', 'P12', 'P20']"
689,"['P16', 'P18', 'P6', 'P13', 'P12']"
690,['P1']
691,['P20']
692,['P14']
693,"['P4', 'P11', 'P9', 'P17']"
694,['P9']
695,"['P18', 'P6', 'P8', 'P14']"
696,"['P19', 'P7', 'P15']"
697,"['P3', 'P4', 'P15', 'P7', 'P5']"
698,"['P3', 'P16', 'P1', 'P18', 'P17']"
699,"['P16', 'P20', 'P9', 'P10']"
700,"['P1', 'P17', 'P15', 'P8']"
701,"['P6', 'P13', 'P8', 'P3']"
702,"['P14', 'P6', 'P12', 'P15', 'P4']"
703,['P3']
704,"['P20', 'P7']"
705,"['P14', 'P6', 'P15']"
706,"['P12', 'P6']"
707,"['P2', 'P12', 'P18', 'P19', 'P17']"
708,"['P3', 'P17', 'P10']"
709,"['P16', 'P17', 'P12', 'P4']"
710,['P10']
711,"['P8', 'P5', 'P2', 'P1']"
712,"['P7', 'P12', 'P15']"
713,['P8']
714,"['P7', 'P19', 'P18', 'P3', 'P20']"
715,"['P14', 'P16', 'P17', 'P19']"
716,"['P6', 'P8']"
717,"['P8', 'P11', 'P5']"
718,"['P17', 'P10', 'P2', 'P20', 'P13']"
719,['P1']
720,"['P14', 'P15', 'P20', 'P3']"
721,['P9']
722,"['P7', 'P11', 'P9', 'P14', 'P12']"
723,"['P1', 'P20']"
724,"['P5', 'P18', 'P14', 'P12']"
725,['P6']
726,"['P5', 'P6', 'P8', 'P4', 'P12']"
727,"['P17', 'P9', 'P5', 'P3']"
728,"['P16', 'P9', 'P3', 'P10']"
729,"['P18', 'P13', 'P15', 'P10', 'P11']"
730,['P4']
731,"['P20', 'P16']"
732,['P17']
733,"['P17', 'P6', 'P19']"
734,"['P9', 'P12']"
735,"['P17', 'P18']"
736,"['P3', 'P18', 'P8', 'P7']"
737,"['P12', 'P9', 'P8']"
738,"['P7', 'P8', 'P3', 'P16']"
739,['P11']
740,"['P7', 'P19', 'P11']"
741,"['P11', 'P3', 'P16', 'P2']"
742,"['P3', 'P11']"
743,"['P15', 'P12']"
744,"['P11', 'P2', 'P14', 'P17']"
745,['P6']
746,"['P10', 'P13', 'P20']"
747,['P3']
748,"['P8', 'P1', 'P16', 'P11']"
749,['P1']
750,"['P11', 'P4', 'P1']"
751,"['P12', 'P16', 'P4', 'P2', 'P10']"
752,['P10']
753,"['P15', 'P20']"
754,['P3']
755,['P10']
756,"['P14', 'P18', 'P7', 'P17', 'P11']"
757,"['P8', 'P19', 'P14']"
758,"['P13', 'P10', 'P20']"
759,"['P13', 'P20', 'P9', 'P3', 'P10']"
760,['P17']
761,"['P12', 'P11', 'P17', 'P16', 'P7']"
762,"['P18', 'P13', 'P7']"
763,"['P19', 'P8']"
764,"['P18', 'P14']"
765,"['P4', 'P12', 'P3', 'P17']"
766,['P13']
767,['P4']
768,['P13']
769,['P9']
770,['P14']
771,"['P15', 'P4', 'P14', 'P18', 'P11']"
772,['P6']
773,"['P18', 'P15', 'P17']"
774,['P16']
775,"['P14', 'P17', 'P1', 'P8', 'P9']"
776,"['P16', 'P9', 'P6']"
777,['P7']
778,['P6']
779,"['P13', 'P11', 'P4', 'P7']"
780,['P1']
781,"['P7', 'P11', 'P19', 'P5']"
782,"['P2', 'P18']"
783,"['P3', 'P6', 'P9']"
784,"['P16', 'P11']"
785,"['P12', 'P7', 'P6', 'P5', 'P10']"
786,"['P1', 'P8', 'P19', 'P11', 'P9']"
787,"['P3', 'P1', 'P5', 'P7']"
788,"['P20', 'P2', 'P10', 'P16', 'P15']"
789,"['P8', 'P1', 'P13']"
790,"['P14', 'P6']"
791,"['P8', 'P18', 'P19']"
792,['P6']
793,['P11']
794,"['P10', 'P17']"
795,"['P19', 'P1', 'P16']"
796,['P7']
797,"['P8', 'P11', 'P9', 'P2']"
798,['P12']
799,"['P11', 'P10', 'P1', 'P15', 'P13']"
800,"['P19', 'P2', 'P18', 'P13', 'P5']"
801,"['P8', 'P18']"
802,"['P7', 'P13', 'P17']"
803,['P7']
804,"['P4', 'P16', 'P1', 'P9', 'P20']"
805,"['P18', 'P20']"
806,"['P3', 'P2', 'P4']"
807,"['P1', 'P14', 'P16']"
808,"['P12', 'P1', 'P5']"
809,"['P10', 'P3', 'P5', 'P18']"
810,"['P4', 'P18']"
811,"['P4', 'P14', 'P11', 'P1', 'P6']"
812,"['P13', 'P19', 'P5']"
813,"['P14', 'P13', 'P17']"
814,"['P4', 'P16', 'P19', 'P10']"
815,"['P15', 'P5', 'P9', 'P7']"
816,"['P17', 'P8', 'P5', 'P1', 'P16']"
817,['P19']
818,['P19']
819,"['P11', 'P3', 'P10', 'P20', 'P6']"
820,"['P4', 'P10']"
821,['P20']
822,"['P12', 'P7', 'P17', 'P2', 'P15']"
823,['P9']
824,"['P7', 'P19', 'P18', 'P17', 'P4']"
825,"['P12', 'P19']"
826,"['P20', 'P9', 'P11', 'P18']"
827,"['P11', 'P5', 'P1', 'P3', 'P6']"
828,"['P20', 'P13']"
829,"['P20', 'P14', 'P16', 'P18']"
830,"['P10', 'P1', 'P13']"
831,"['P17', 'P13', 'P15', 'P16', 'P18']"
832,"['P17', 'P15', 'P16']"
833,"['P11', 'P3', 'P15', 'P9', 'P17']"
834,"['P5', 'P12', 'P6', 'P13', 'P3']"
835,"['P14', 'P20', 'P3', 'P6', 'P12']"
836,['P16']
837,['P15']
838,"['P13', 'P14', 'P17', 'P5', 'P9']"
839,"['P3', 'P20', 'P12', 'P10']"
840,"['P15', 'P12', 'P16', 'P14']"
841,"['P15', 'P12', 'P9', 'P10']"
842,"['P12', 'P16', 'P10', 'P8']"
843,"['P7', 'P1', 'P6']"
844,['P2']
845,"['P13', 'P1']"
846,"['P15', 'P18', 'P3', 'P1']"
847,"['P8', 'P3']"
848,['P1']
849,"['P7', 'P17', 'P18', 'P10', 'P5']"
850,"['P18', 'P19']"
851,"['P16', 'P5', 'P8', 'P3']"
852,"['P18', 'P1', 'P6']"
853,"['P1', 'P9', 'P6']"
854,"['P20', 'P19']"
855,"['P8', 'P15', 'P2', 'P16', 'P3']"
856,"['P10', 'P1', 'P12', 'P7', 'P8']"
857,"['P15', 'P6', 'P13', 'P3', 'P19']"
858,"['P1', 'P20', 'P10', 'P15']"
859,"['P15', 'P3', 'P19']"
860,"['P11', 'P7', 'P6']"
861,"['P1', 'P7', 'P12']"
862,['P4']
863,"['P14', 'P12', 'P13']"
864,"['P4', 'P19']"
865,"['P5', 'P14', 'P16']"
866,"['P15', 'P4']"
867,['P7']
868,"['P5', 'P19', 'P13']"
869,"['P15', 'P12', 'P18', 'P20', 'P16']"
870,['P8']
871,"['P12', 'P13']"
872,"['P8', 'P9']"
873,['P2']
874,"['P15', 'P11', 'P14', 'P3']"
875,"['P18', 'P11', 'P20', 'P6', 'P15']"
876,"['P11', 'P16']"
877,"['P10', 'P3', 'P15', 'P5', 'P12']"
878,['P2']
879,"['P19', 'P13']"
880,['P10']
881,"['P16', 'P19']"
882,['P15']
883,"['P13', 'P19']"
884,"['P6', 'P13', 'P4', 'P10', 'P15']"
885,"['P18', 'P3', 'P7', 'P5']"
886,"['P13', 'P15', 'P12']"
887,"['P6', 'P15']"
888,['P6']
889,"['P19', 'P13', 'P6']"
890,"['P3', 'P18', 'P9', 'P20', 'P4']"
891,"['P9', 'P3', 'P18', 'P11']"
892,"['P9', 'P7', 'P3', 'P20']"
893,"['P16', 'P2', 'P9']"
894,['P18']
895,"['P11', 'P14']"
896,"['P18', 'P4', 'P17', 'P9']"
897,"['P8', 'P19', 'P9']"
898,['P2']
899,"['P1', 'P20', 'P2', 'P11', 'P15']"
900,"['P18', 'P16']"
901,"['P13', 'P2', 'P18', 'P4', 'P16']"
902,"['P14', 'P2', 'P17', 'P1', 'P7']"
903,"['P9', 'P5', 'P13', 'P2', 'P11']"
904,"['P12', 'P7', 'P9']"
905,"['P14', 'P11', 'P2', 'P15']"
906,"['P3', 'P18']"
907,['P6']
908,"['P20', 'P19', 'P9', 'P18', 'P16']"
909,"['P7', 'P1', 'P17', 'P13', 'P10']"
910,"['P5', 'P13', 'P9', 'P8', 'P2']"
911,"['P6', 'P14', 'P5', 'P13', 'P4']"
912,"['P8', 'P2']"
913,"['P6', 'P16']"
914,"['P2', 'P5', 'P3']"
915,"['P11', 'P15', 'P9', 'P16', 'P6']"
916,"['P8', 'P14', 'P4', 'P15']"
917,"['P19', 'P12', 'P7', 'P10', 'P8']"
918,['P12']
919,"['P18', 'P9', 'P11']"
920,['P17']
921,"['P16', 'P6', 'P7', 'P5']"
922,"['P4', 'P2', 'P5', 'P13', 'P9']"
923,"['P14', 'P18', 'P16', 'P15', 'P6']"
924,['P5']
925,"['P13', 'P15', 'P8']"
926,"['P3', 'P17', 'P19', 'P13', 'P1']"
927,"['P1', 'P10']"
928,"['P13', 'P2', 'P19', 'P3']"
929,"['P14', 'P10', 'P17', 'P3']"
930,"['P17', 'P20', 'P4', 'P8', 'P12']"
931,"['P5', 'P18', 'P10']"
932,"['P16', 'P14', 'P1']"
933,['P17']
934,"['P20', 'P17', 'P13', 'P4']"
935,"['P19', 'P3']"
936,"['P20', 'P14', 'P1']"
937,"['P14', 'P3', 'P10', 'P17', 'P7']"
938,"['P17', 'P15']"
939,"['P12', 'P16', 'P7', 'P15']"
940,['P20']
941,"['P13', 'P16']"
942,"['P9', 'P17']"
943,"['P14', 'P7']"
944,"['P14', 'P9', 'P4']"
945,"['P19', 'P7', 'P11', 'P2', 'P4']"
946,"['P10', 'P20', 'P14']"
947,"['P12', 'P17', 'P13', 'P5']"
948,"['P18', 'P14', 'P13']"
949,"['P19', 'P7', 'P3', 'P13']"
950,['P10']
951,"['P11', 'P1', 'P10', 'P5']"
952,"['P20', 'P1']"
953,"['P10', 'P11', 'P4', 'P19', 'P16']"
954,"['P13', 'P3', 'P2', 'P12', 'P4']"
955,"['P17', 'P12', 'P15', 'P6', 'P13']"
956,['P14']
957,"['P7', 'P20', 'P15', 'P17', 'P3']"
958,['P12']
959,"['P12', 'P11', 'P1']"
960,['P14']
961,"['P4', 'P5', 'P18', 'P12', 'P13']"
962,"['P8', 'P11', 'P13', 'P10']"
963,"['P1', 'P6', 'P3', 'P7', 'P8']"
964,['P4']
965,"['P9', 'P19']"
966,"['P7', 'P16', 'P17']"
967,['P5']
968,"['P13', 'P3', 'P8']"
969,"['P19', 'P1', 'P5']"
970,"['P1', 'P12', 'P5', 'P13']"
971,"['P13', 'P8', 'P20', 'P16', 'P3']"
972,"['P9', 'P20']"
973,"['P9', 'P15', 'P8', 'P16']"
974,"['P1', 'P14', 'P9']"
975,"['P18', 'P10']"
976,"['P7', 'P4']"
977,"['P9', 'P10', 'P13']"
978,"['P10', 'P7']"
979,"['P7', 'P10', 'P8']"
980,['P3']
981,['P4']
982,"['P14', 'P4', 'P17', 'P5', 'P11']"
983,"['P19', 'P13', 'P18', 'P12']"
984,['P2']
985,"['P18', 'P19', 'P20']"
986,"['P5', 'P8']"
987,"['P14', 'P3', 'P18', 'P20', 'P13']"
988,"['P20', 'P9', 'P14']"
989,['P18']
990,"['P11', 'P4']"
991,"['P1', 'P19']"
992,['P6']
993,"['P6', 'P2', 'P4']"
994,"['P1', 'P19', 'P3']"
995,"['P10', 'P12', 'P2']"
996,"['P7', 'P5', 'P8', 'P18', 'P19']"
997,"['P17', 'P4']"
998,"['P14', 'P8', 'P10', 'P19', 'P7']"
999,"['P19', 'P8', 'P1', 'P4', 'P15']"
1000,['P9']
